,categories
0,Doctors
0,Traditional Chinese Medicine
0,Naturopathic/Holistic
0,Acupuncture
0,Health & Medical
0,Nutritionists
1,Shipping Centers
1,Local Services
1,Notaries
1,Mailbox Centers
1,Printing Services
2,Department Stores
2,Shopping
2,Fashion
2,Home & Garden
2,Electronics
2,Furniture Stores
3,Restaurants
3,Food
3,Bubble Tea
3,Coffee & Tea
3,Bakeries
4,Brewpubs
4,Breweries
5,Burgers
5,Fast Food
5,Sandwiches
5,Ice Cream & Frozen Yogurt
6,Sporting Goods
6,Shoe Stores
6,Sports Wear
6,Accessories
7,Synagogues
7,Religious Organizations
8,Pubs
8,Italian
8,Bars
8,American (Traditional)
8,Nightlife
8,Greek
11,Vietnamese
11,Food Trucks
12,Diners
12,Breakfast & Brunch
13,General Dentistry
13,Dentists
13,Cosmetic Dentists
14,Delis
15,Sushi Bars
15,Japanese
16,Automotive
16,Auto Parts & Supplies
16,Auto Customization
17,Vape Shops
17,Tobacco Shops
17,Personal Shopping
17,Vitamins & Supplements
18,Car Rental
18,Hotels & Travel
18,Truck Rental
19,Korean
20,Cafes
20,Wine Bars
21,Books
21,Mags
21,Music & Video
21,Bookstores
22,Steakhouses
22,Asian Fusion
24,Hot Dogs
25,Pet Services
25,Pet Groomers
25,Pets
25,Veterinarians
26,Women's Clothing
26,Children's Clothing
26,Men's Clothing
26,Adult
27,Seafood
28,Cocktail Bars
29,Pizza
29,Chicken Wings
30,Trampoline Parks
30,Active Life
31,Salad
31,Soup
32,Dance Wear
32,Arts & Entertainment
32,Social Clubs
32,Performing Arts
34,Event Planning & Services
34,Hotels
35,Eatertainment
37,Mobile Phones
37,Telecommunications
37,Mobile Phone Accessories
37,IT Services & Computer Repair
38,Museums
38,Kids Activities
38,Education
38,Playgrounds
38,Children's Museums
39,Musicians
39,DJs
39,Karaoke
40,Hair Salons
40,Hair Extensions
40,Beauty & Spas
40,Wigs
41,Specialty Food
41,Pasta Shops
42,DUI Law
42,Professional Services
42,Lawyers
42,Criminal Defense Law
43,Laser Hair Removal
43,Hair Removal
43,Chiropractors
43,Weight Loss Centers
43,Sports Medicine
43,Medical Spas
43,Skin Care
44,Candle Stores
44,Home Decor
45,Chinese
46,Music Venues
46,Internet Service Providers
46,Jazz & Blues
46,Internet Cafes
47,Caterers
50,Fitness & Instruction
50,Trainers
50,Gyms
50,Yoga
51,Real Estate Agents
51,Home Services
51,Real Estate
52,Health Markets
53,Pet Adoption
54,Grocery
54,Convenience Stores
56,Juice Bars & Smoothies
57,Ophthalmologists
57,Eyewear & Opticians
57,Optometrists
58,American (New)
